F16,J27
F15,J27
F14,J27
F17,J27
J26,J27
J28,J27
F13,J26
F12,J26
Z06,J26
J24,J26
J28,Z06
J25,Z06
J16,Z06
F18,J28
F19,J28
J30,J28
J29,J28
F21,J30
F22,J30
J29,J30
J31,J30
F20,J29
J31,J29
J18,J29
F23,J31
J20,J31
J19,J31
J43,J19
J44,J43
J41,J18
J39,J16
F36,J39
J40,J39
J25,J15
J37,J15
F10,J25
F11,J25
J23,J25
J24,J25
F09,J24
F08,J24
J23,J24
F07,J23
J22,J23
F06,J22
F05,J22
F04,J22
J21,J22
F41,J44
F42,J44
Z05,J44
J45,J44
J46,J44
Z05,J41
F40,J41
F37,J40
F38,J40
F39,J40
J42,J40
F01,J21
F02,J21
F03,J21
J13,J21
J14,J21
F31,J37
F32,J37
F33,J37
Z04,J37
J38,Z04
J07,Z04
F34,J38
F35,J38
J42,J38
J45,J42
J08,J42
J46,J45
J09,J45
J10,J45
F43,J46
J11,J46
D1,J11
D1,J10
D1,J09
Z03,J09
Z03,D1
F57,J61
F58,J61
Z03,J61
J58,J61
Z03,J52
J08,J52
J07,J52
Z02,J52
J57,Z03
F59,J62
F60,J62
J59,J62
J60,J62
F55,J60
F56,J60
J56,J60
F52,J56
F53,J56
J53,J56
J06,J51
Z02,J51
Z02,J54
J55,J54
J57,J54
J58,J57
J59,J58
J55,J58
J53,J55
J59,J55
F54,J59
F51,J53
J50,J53
F44,J47
F45,J47
J48,J47
J02,J47
D2,J02
J12,D2
J32,D2
J03,D2
J32,J03
J48,J03
J33,J03
F46,J48
F47,J48
Z01,J48
J32,J13
J32,J12
J35,J14
F24,J32
J33,J32
F25,J33
J04,Z01
J50,Z01
F50,J50
J04,J50
J49,J50
F48,J49
F49,J49
J05,J49
J33,J04
J34,J33
F26,J34
J35,J34
J05,J34
J36,J34
F27,J35
F28,J35
F29,J36
F30,J36
J06,J36
